timestamp,caller_number,country,duration,transcript_snippet,label
2025-10-12T08:55:10Z,+18775550123,US,42,"This is your bank security department, your account may be locked, call us back immediately to verify your identity.",scam
2025-10-12T09:10:32Z,+441234567890,UK,95,"We detected unusual activity on your account, press 1 now to avoid suspension.",scam
2025-10-12T11:25:48Z,+77015556677,KZ,180,"Hey, I’m almost at your place, can you open the door when I call again?",normal
2025-10-12T13:05:09Z,+12065550111,US,36,"You have been selected for a limited time investment opportunity, transfer funds now to secure your profit.",scam
2025-10-12T15:47:51Z,+49891234567,DE,210,"Hi, just checking if we still meet at 7 p.m. at the café downtown.",normal
2025-10-13T07:14:03Z,+918800112233,IN,58,"Your bank account will be blocked in 2 hours, confirm your card number and PIN to restore access.",scam
2025-10-13T08:30:44Z,+77017778899,KZ,132,"Salem, I sent you the homework file, did you receive it on email?",normal
2025-10-13T10:02:19Z,+61355501234,AU,51,"Tax office notification, you have an unpaid amount, pay now or legal action will be started.",scam
2025-10-13T12:40:27Z,+33142000000,FR,164,"Hi, just wanted to wish you a happy birthday, call me back when you’re free.",normal
2025-10-13T16:55:33Z,+447700900111,UK,73,"Your mobile number has won a prize, to claim it please share your full name, address, and card details.",scam
2025-10-14T09:05:10Z,+18502103456,US,88,"This is an automated security alert, your online banking is frozen, confirm your credentials now.",scam
2025-10-14T10:22:58Z,+77011223344,KZ,120,"Dad, I landed safely, I’ll text you when I get to the hotel.",normal
2025-10-14T13:19:37Z,+390612345678,IT,39,"Police notice, your identity was used in a crime, pay the verification fee to close the case.",scam
2025-10-14T17:03:04Z,+821012345678,KR,155,"We are starting the online meeting in 10 minutes, can you join from your laptop?",normal
2025-10-15T08:45:22Z,+525512345678,MX,66,"Your card has been temporarily limited, provide your CVV and SMS code to restore full access.",scam
